<?xml version="1.0"?>
<root>
	<topic>
            <id>1</id>
            <title>Java</title>
            <url>http://www.rgagnon.com/topics/java-io.html</url>
	</topic>
	<topic>
            <id>2</id>
            <title>XML</title>
            <url>http://www.rgagnon.com/topics/java-xml.html</url>
	</topic>
	<topic>
            <id>3</id>
            <title>Javascript</title>
            <url>http://www.rgagnon.com/topics/js-language.html</url>
	</topic>
	<topic>
            <id>4</id>
            <title>VBScript</title>
            <url>http://www.rgagnon.com/topics/wsh-vbs.html</url>
	</topic>
</root>